{
  "model": "microsoft/table-transformer-structure-recognition-v1.1-all",
  "task": "Table Structure Recognition (TSR)",
  "confidence_threshold": 0.5,
  "num_cropped_tables": 1501,
  "image_size": 1000,
  "batch_size": 4,
  "metrics_iou_50": {
    "precision": 0.9739610277634075,
    "recall": 0.966599161413617,
    "f1_score": 0.970266130302206,
    "avg_iou": 0.8901166194924225,
    "total_tp": 33888,
    "total_fp": 906,
    "total_fn": 1171,
    "total_gt": 35059
  },
  "metrics_iou_75": {
    "precision": 0.9437834109329195,
    "recall": 0.9366496477366725,
    "f1_score": 0.9402029977237915,
    "avg_iou": 0.8972897404071052,
    "total_tp": 32838,
    "total_fp": 1956,
    "total_fn": 2221,
    "total_gt": 35059
  },
  "mAP_50_95": 0.7124678329260784,
  "per_category_metrics_iou_50": {
    "table column": {
      "precision": 0.9856626506024097,
      "recall": 0.9887599709934736,
      "f1_score": 0.9872088813804755,
      "avg_iou": 0.9603807086152687,
      "tp": 8181,
      "fp": 119,
      "fn": 93,
      "gt": 8274
    },
    "table row": {
      "precision": 0.9795401402961809,
      "recall": 0.978110711158673,
      "f1_score": 0.9788249038601956,
      "avg_iou": 0.8685787215380952,
      "tp": 20108,
      "fp": 420,
      "fn": 450,
      "gt": 20558
    },
    "table column header": {
      "precision": 0.9727148703956344,
      "recall": 0.981417756366139,
      "f1_score": 0.9770469338814662,
      "avg_iou": 0.8715995052527844,
      "tp": 1426,
      "fp": 40,
      "fn": 27,
      "gt": 1453
    },
    "table projected row header": {
      "precision": 0.9563758389261745,
      "recall": 0.9444904722452361,
      "f1_score": 0.9503959983326387,
      "avg_iou": 0.8578441726018985,
      "tp": 1140,
      "fp": 52,
      "fn": 67,
      "gt": 1207
    },
    "table spanning cell": {
      "precision": 0.9132406287787183,
      "recall": 0.8469301934398654,
      "f1_score": 0.8788363636363636,
      "avg_iou": 0.8651457542608482,
      "tp": 3021,
      "fp": 287,
      "fn": 546,
      "gt": 3567
    }
  },
  "per_category_metrics_iou_75": {
    "table column": {
      "precision": 0.9787951807228915,
      "recall": 0.9818709209572154,
      "f1_score": 0.9803306383492217,
      "avg_iou": 0.9626963591721267,
      "tp": 8124,
      "fp": 176,
      "fn": 150,
      "gt": 8274
    },
    "table row": {
      "precision": 0.9485580670303975,
      "recall": 0.9471738495962643,
      "f1_score": 0.9478654529523439,
      "avg_iou": 0.8752235236972573,
      "tp": 19472,
      "fp": 1056,
      "fn": 1086,
      "gt": 20558
    },
    "table column header": {
      "precision": 0.9481582537517054,
      "recall": 0.956641431520991,
      "f1_score": 0.9523809523809523,
      "avg_iou": 0.8757649464874955,
      "tp": 1390,
      "fp": 76,
      "fn": 63,
      "gt": 1453
    },
    "table projected row header": {
      "precision": 0.8758389261744967,
      "recall": 0.8649544324772163,
      "f1_score": 0.870362651104627,
      "avg_iou": 0.8754060522503331,
      "tp": 1044,
      "fp": 148,
      "fn": 163,
      "gt": 1207
    },
    "table spanning cell": {
      "precision": 0.8476420798065296,
      "recall": 0.7860947574992991,
      "f1_score": 0.8157090909090909,
      "avg_iou": 0.8799539469845378,
      "tp": 2804,
      "fp": 504,
      "fn": 763,
      "gt": 3567
    }
  },
  "num_error_samples": 297
}